post_slug,title,slide1_headline,slide1_body,slide1_image_prompt,slide1_image,slide2_headline,slide2_body,slide2_image_prompt,slide2_image,slide3_headline,slide3_body,slide3_image_prompt,slide3_image,slide4_headline,slide4_body,slide4_image_prompt,slide4_image,slide5_headline,slide5_body,slide5_image_prompt,slide5_image,slide6_headline,slide6_body,slide6_image_prompt,slide6_image,slide7_headline,slide7_body,slide7_image_prompt,slide7_image,caption,hashtags
2026-07-30-capacity-calculation,停電時に必要な容量の計算方法（Wh・W早見表）,停電時の必要容量,何Whあれば足りる？スマホ・照明・冷蔵庫など、家電ごとの計算方法を完全ガイド。あなたの家庭に最適な容量が5分でわかります。,停電で真っ暗な部屋とポータブル電源で照らされた明るい部屋のビフォーアフター比較,https://raw.githubusercontent.com/ikebukuroCitys000/bousai-power/main/sns_drafts/images/2026-07-30-capacity-calculation-slide1.png,W（ワット）とは,W（ワット）は家電が「一度に使う電力」。冷蔵庫なら150W、スマホ充電なら10W。デバイスのスペックシートに書いてある単位です。,様々な家電製品（冷蔵庫、スマートフォン、扇風機、照明）が描かれたフラットイラスト,https://raw.githubusercontent.com/ikebukuroCitys000/bousai-power/main/sns_drafts/images/2026-07-30-capacity-calculation-slide2.png,Wh（ワットアワー）とは,Wh（ワットアワー）はポータブル電源の「容量」。1000Whなら100Wの家電を10時間動かせます。容量計算の基本はこの関係性です。,1000Whのポータブル電源から複数の家電へ電力が供給されている接続図のイラスト,https://raw.githubusercontent.com/ikebukuroCitys000/bousai-power/main/sns_drafts/images/2026-07-30-capacity-calculation-slide3.png,必要容量の計算式,計算は簡単。【必要なWh＝消費電力W×使用時間】冷蔵庫150W×12時間＝1800Whというように、使いたい家電ごとに足し算するだけです。,冷蔵庫、スマホ、照明の消費電力と使用時間から合計容量が導き出されるプロセスを視覚的に表現したフロー図のイラスト,https://raw.githubusercontent.com/ikebukuroCitys000/bousai-power/main/sns_drafts/images/2026-07-30-capacity-calculation-slide4.png,変換ロスを考慮する,実際には電力変換で15～10%のエネルギーが失われます。計算結果に1.2倍（20%増し）をかけることで、実務的な容量選びになります。,ポータブル電源のバッテリーから電力が供給される際に一部が熱として逃げるプロセスを示した図のイラスト,https://raw.githubusercontent.com/ikebukuroCitys000/bousai-power/main/sns_drafts/images/2026-07-30-capacity-calculation-slide5.png,季節や用途で調整,夏は扇風機、冬は電気ヒーターなど季節による負荷変動があります。仕事中の利用か夜間待機かでも必要容量が大きく変わります。,夏の暑い日と冬の寒い日の家庭風景が並ぶ季節別のコンパリソン画像,https://raw.githubusercontent.com/ikebukuroCitys000/bousai-power/main/sns_drafts/images/2026-07-30-capacity-calculation-slide6.png,今すぐチェック！,自分の家庭に最適な容量がわかるチェックリスト。停電想定時間→家電リストアップ→消費電力確認→時間分類→Wh計算→ロス加算。プロフィールのリンクから詳細ガイドをDLしよう。,スマートフォンの画面にチェックリストが表示されており、ユーザーが項目を埋めていくイメージのイラスト,https://raw.githubusercontent.com/ikebukuroCitys000/bousai-power/main/sns_drafts/images/2026-07-30-capacity-calculation-slide7.png,停電に備えるなら、ポータブル電源の選び方が重要。でも「何Wh必要？」ってわかりにくいですよね。実は計算は簡単。消費電力と使用時間を掛け算するだけで、あなたの家庭に必要な容量が見えてきます。記事では実際のシナリオ（家族3人の一晩の停電、冷蔵庫を含む場合）で具体的に計算。変換ロスも考慮した現実的なサイズ選びが身につきます。計算チェックリスト付きなので、ぜひやってみてください。,#防災 #防災グッズ #防災対策 #ポータブル電源 #停電対策 #備蓄 #防災備蓄 #家庭防災 #防災知識 #緊急時対策 #フェーズフリー #防災リュック #非常用電源 #一人暮らし防災 #暮らしの知恵
2026-07-30-car-camping-power-station,車中泊・キャンプで使えるポータブル電源の選び方,ポータブル電源1台で、防災とキャンプ両立,車中泊・キャンプの快適さと災害対策を同時に実現。選び方を知れば、後悔のない買い物ができます。,キャンプサイトのテント横にポータブル電源が置かれ、スマートフォンやLEDライトが充電されている様子のイラスト,https://raw.githubusercontent.com/ikebukuroCitys000/bousai-power/main/sns_drafts/images/2026-07-30-car-camping-power-station-slide1.png,容量選びで失敗しない方法,300～500Wh（スマホ10回充電）、500～1000Wh（冷蔵庫対応）、1000Wh以上（複数日運用）。使いたい機器の消費電力と時間を把握しましょう。,異なるサイズの3つのポータブル電源が並んでいるイラスト。左から順に小・中・大のサイズで容量の違いを表現,https://raw.githubusercontent.com/ikebukuroCitys000/bousai-power/main/sns_drafts/images/2026-07-30-car-camping-power-station-slide2.png,重さのリアルな目安を知ろう,300Wh=3～5kg、500Wh=5～8kg、1000Wh=10～15kg。車中泊なら常積可、キャンプなら軽量性を重視しましょう。,同じ大きさに見えるポータブル電源を、1人で簡単に持つ人と、2人で協力して持つ人を比較したイラスト,https://raw.githubusercontent.com/ikebukuroCitys000/bousai-power/main/sns_drafts/images/2026-07-30-car-camping-power-station-slide3.png,ポートの種類が実用性を決める,AC出力（冷蔵庫向け）、USB-A、USB-C、DCポート。接続したい機器リストを作ってから、ポート構成を確認することが大切です。,ポータブル電源の背面に複数のコネクタやポートが接続された、スマートフォン・冷蔵庫・ランプなどのデバイスを示すイラスト,https://raw.githubusercontent.com/ikebukuroCitys000/bousai-power/main/sns_drafts/images/2026-07-30-car-camping-power-station-slide4.png,充電方法の多さで運用性が変わる,ACコンセント、シガーソケット、太陽光パネル。複数の充電方法に対応していれば、あらゆるシーンで活躍します。,家のコンセント、車のシガーソケット、太陽パネルの3つの充電方法が、ポータブル電源に接続される様子を示すイラスト,https://raw.githubusercontent.com/ikebukuroCitys000/bousai-power/main/sns_drafts/images/2026-07-30-car-camping-power-station-slide5.png,安全性チェックは購入前の必須項目,PSEマーク、リチウムイオン電池、過充電保護機能、2年以上の保証。これらを確認して、長く安心して使える製品を選びましょう。,チェックリストをペンでチェックしながら、スペック表を確認している人物のフラットイラスト,https://raw.githubusercontent.com/ikebukuroCitys000/bousai-power/main/sns_drafts/images/2026-07-30-car-camping-power-station-slide6.png,この記事を保存して、選び方をマスター,防災とアウトドアを両立させるなら、用途の明確化→スペック確認→予算調整の3ステップ。詳しくはプロフィールのリンクから記事をチェック！,スマートフォンの画面に記事が表示され、保存ボタンがハイライトされているイラスト,https://raw.githubusercontent.com/ikebukuroCitys000/bousai-power/main/sns_drafts/images/2026-07-30-car-camping-power-station-slide7.png,ポータブル電源選びで最も大事なのは、スペック表を見ることより「自分たちが何に使うのか」を明確にすることです。容量・重さ・ポート・充電方法・安全性の5つのポイントを押さえれば、防災とキャンプの両立は十分可能。あなたの用途に合った1台を見つけてください🔋,#ポータブル電源 #防災グッズ #キャンプ #車中泊 #防災対策 #アウトドア #災害対策 #キャンプ初心者 #防災備蓄 #Jackery #EcoFlow #暮らしの知恵 #一人暮らし防災 #フェーズフリー #防災
2026-07-30-jackery-vs-ecoflow-vs-anker,Jackery・EcoFlow・Anker徹底比較｜自分に合うのはどれ？,ポータブル電源3ブランド比較,Jackery・EcoFlow・Ankerの特徴を徹底比較。あなたに合うのはどれ？防災やキャンプの必需品選びで迷ったら、この記事で解決します。,3つのポータブル電源が並んでいる様子を上から見たフラットデザインのイラスト,https://raw.githubusercontent.com/ikebukuroCitys000/bousai-power/main/sns_drafts/images/2026-07-30-jackery-vs-ecoflow-vs-anker-slide1.png,3ブランドの立ち位置,Jackeryは老舗で信頼性が高い。EcoFlowは革新的機能と急速充電が強み。Ankerはコスパ重視で初心者向け。それぞれの特徴が異なります。,3つの異なるブランドロゴを象徴する3つの円が、それぞれ異なる色で並んでいるイラスト,https://raw.githubusercontent.com/ikebukuroCitys000/bousai-power/main/sns_drafts/images/2026-07-30-jackery-vs-ecoflow-vs-anker-slide2.png,価格帯の目安,同じ容量でもブランドにより差あり。Ankerが最も安く、Jackeryが高め。EcoFlowは中堅価格。予算に合わせた選択が重要です。,3つのポータブル電源が低い順に並んでいる様子を示す、段階的な高さの比較イラスト,https://raw.githubusercontent.com/ikebukuroCitys000/bousai-power/main/sns_drafts/images/2026-07-30-jackery-vs-ecoflow-vs-anker-slide3.png,500Wh帯の選び方,軽量・持ち運び重視ならこの容量。スマホ50回充電、小型扇風機数時間使用が目安。キャンプや緊急用防災に最適です。,バックパックを背負った人がテント張ってキャンプしている様子のシンプルなイラスト,https://raw.githubusercontent.com/ikebukuroCitys000/bousai-power/main/sns_drafts/images/2026-07-30-jackery-vs-ecoflow-vs-anker-slide4.png,1000Wh帯の選び方,冷蔵庫やドライヤーも使える中容量。複数日キャンプや家庭の非常用電源向け。安定性重視ならJackery、コスパならAnkerが◎,家族が居間にいて、扇風機や照明が点いている日中の部屋の風景イラスト,https://raw.githubusercontent.com/ikebukuroCitys000/bousai-power/main/sns_drafts/images/2026-07-30-jackery-vs-ecoflow-vs-anker-slide5.png,2000Wh超の選び方,大容量・据え置き型。長期停電対応や家族全体の防災対策向け。持ち運びより常置を想定した選択肢です。,大きなポータブル電源が部屋の角に置かれ、複数の家電に接続されているイラスト,https://raw.githubusercontent.com/ikebukuroCitys000/bousai-power/main/sns_drafts/images/2026-07-30-jackery-vs-ecoflow-vs-anker-slide6.png,あなたに合うのは？,使用目的・予算・優先順位で選びましょう。詳しくはプロフィールのリンクから記事をチェック。防災対策は今からが最適なタイミングです。,チェックリストを持った人が、複数の選択肢から何かを選んでいる様子のイラスト,https://raw.githubusercontent.com/ikebukuroCitys000/bousai-power/main/sns_drafts/images/2026-07-30-jackery-vs-ecoflow-vs-anker-slide7.png,防災やキャンプでのポータブル電源選びで迷っていませんか？Jackery・EcoFlow・Ankerの3ブランドは、それぞれ異なる特徴を持っています。価格・機能・信頼性のバランスを理解すれば、あなたに最適な一台が見つかります。まずは使用目的と予算を整理することが大切です。,#ポータブル電源 #防災グッズ #Jackery #EcoFlow #Anker #防災対策 #防災備蓄 #キャンプ #車中泊 #テレワーク #停電対策 #防災用品 #備蓄 #フェーズフリー #防災リュック
2026-07-30-portable-power-beginner-guide,ポータブル電源とは？初心者向け選び方完全ガイド,ポータブル電源、実は3つの選び方がある,容量・定格出力・充電方式を知らずに買うと後悔します。初心者が押さえるべき基礎知識をまとめました。,疑問符を浮かべながらポータブル電源を見つめる人物のフラットイラスト、周囲に「容量」「出力」「充電方式」の文字が浮かんでいるイメージ,https://raw.githubusercontent.com/ikebukuroCitys000/bousai-power/main/sns_drafts/images/2026-07-30-portable-power-beginner-guide-slide1.png,ポータブル電源とは何か,充電式バッテリーを内蔵した携帯可能な電源装置。キャンプ・車中泊・停電時など、あらゆるシーンで活躍します。,キャンプ地でテントの傍に置かれたポータブル電源から複数のデバイスを充電している風景のイラスト,https://raw.githubusercontent.com/ikebukuroCitys000/bousai-power/main/sns_drafts/images/2026-07-30-portable-power-beginner-guide-slide2.png,3つの主な活用シーン,キャンプなどのアウトドア、地震などの防災対策、車中泊やモバイルワーク。あなたの生活スタイルに合わせて選べます。,3つのシーンを並べたイラスト：キャンプサイト、停電時の部屋、車中泊の車内,https://raw.githubusercontent.com/ikebukuroCitys000/bousai-power/main/sns_drafts/images/2026-07-30-portable-power-beginner-guide-slide3.png,容量Whで選ぶ3つのサイズ,400Wh未満は小型機器向け、400～1000Whはキャンプ向け、1000Wh以上は複数機器同時使用向けです。,小・中・大の3つのポータブル電源が並んでいるイラスト、サイズ感の違いが一目瞭然な構図,https://raw.githubusercontent.com/ikebukuroCitys000/bousai-power/main/sns_drafts/images/2026-07-30-portable-power-beginner-guide-slide4.png,定格出力Wが使える機器を決める,容量が大きくても出力が小さければ消費電力の大きい家電は使えません。対応機器を事前に確認が必須です。,スマートフォン、ドライヤー、電子レンジの3つの家電を配置し、消費電力による大きさの違いを視覚化したイラスト,https://raw.githubusercontent.com/ikebukuroCitys000/bousai-power/main/sns_drafts/images/2026-07-30-portable-power-beginner-guide-slide5.png,充電方式は4パターン,AC充電が最も一般的。ソーラーパネル・シガーソケット・急速充電など、運用環境に合わせて選択できます。,コンセント、太陽、車、急速充電マークの4つのアイコンが配置されたシンプルなイラスト,https://raw.githubusercontent.com/ikebukuroCitys000/bousai-power/main/sns_drafts/images/2026-07-30-portable-power-beginner-guide-slide6.png,選ぶ前に8つをチェック,用途・容量・出力・サイズ・充電方式・ポート・保証・認証。この確認表を保存して、買い間違いを防ぎましょう。,チェックリストを手に持つ人物が、ポータブル電源を選んでいるシーンのフラットイラスト,https://raw.githubusercontent.com/ikebukuroCitys000/bousai-power/main/sns_drafts/images/2026-07-30-portable-power-beginner-guide-slide7.png,"ポータブル電源選びで失敗する人のほとんどが『容量さえ大きければOK』と考えています。でも実は、定格出力・充電方式・ポート仕様など、確認すべきポイントがたくさんあります。

このスライドを保存して、購入前にチェックリストを活用してください。あなたの生活にぴったり合った電源との出会いが待っています。",#ポータブル電源 #防災グッズ #防災対策 #キャンプ #車中泊 #停電対策 #防災備蓄 #初心者向け #アウトドア #防災知識 #ポータブル電源選び方 #Jackery #EcoFlow #キャンプ初心者 #暮らしの知恵
2026-08-02-bousai-backpack-checklist-2026,防災リュックに入れておきたい持ち出し品リスト2026年版,防災リュックに絶対入れる18アイテム,公的支援が来るまでの数日間、自分たちで生き延びるために必要な最小限の持ち出し品をリスト化。自分の家族構成に合わせたカスタマイズが成功の鍵です。,防災リュックが開いている状態で、その中に水ボトル、懐中電灯、ラジオ、医療用品、食料などの防災用品が整理されて詰まっているイラスト,https://raw.githubusercontent.com/ikebukuroCitys000/bousai-power/main/sns_drafts/images/2026-08-02-bousai-backpack-checklist-2026-slide1.png,水と食料は数日分で十分,1人1日3リットル必要ですが、リュックには2～3日分（500ml～1L）の飲料水と、缶詰・ナッツ・栄養補助食など調理不要で高カロリーの食料を厳選します。,飲料水ボトル数本と、缶詰、ナッツ、チョコレートなどの非常食が並んでいる写真のような構図,https://raw.githubusercontent.com/ikebukuroCitys000/bousai-power/main/sns_drafts/images/2026-08-02-bousai-backpack-checklist-2026-slide2.png,照明は懐中電灯+予備電池必須,懐中電灯1本に予備電池2～3本が目安。充電式やハンドクランク式など複数の給電方法に対応した製品も増えており、スマホの懐中電灯だけに頼るのは避けましょう。,懐中電灯と乾電池が並んでいる様子を示すフラットイラスト,https://raw.githubusercontent.com/ikebukuroCitys000/bousai-power/main/sns_drafts/images/2026-08-02-bousai-backpack-checklist-2026-slide3.png,身を守る防具が命を救う,地震直後は飛散ガラスやがれきで危険です。防塵マスク5～10枚、作業用手袋、コンパクトなヘルメットまたは防災ずきんを用意して、二次災害から身を守ります。,防塵マスク、作業用革手袋、コンパクトな防災ずきんが並んでいるイラスト,https://raw.githubusercontent.com/ikebukuroCitys000/bousai-power/main/sns_drafts/images/2026-08-02-bousai-backpack-checklist-2026-slide4.png,情報機器がライフライン,"携帯ラジオで避難指示などの重要情報を確認、モバイルバッテリー（20,000mAh程度）でスマホを複数回充電、複数種類の充電ケーブルで他者とシェアできる体制を整えます。",小型ラジオ、モバイルバッテリー、充電ケーブル（Lightning、USB-C、Micro-USB）が並んでいるイラスト,https://raw.githubusercontent.com/ikebukuroCitys000/bousai-power/main/sns_drafts/images/2026-08-02-bousai-backpack-checklist-2026-slide5.png,衣類と衛生用品で心身を守る,予備の靴下・下着3～5日分、季節に応じた羽織もの、アルミブランケット、携帯トイレ、ウェットティッシュ、歯ブラシなど。衛生管理は心理的安定にも直結します。,靴下、下着、羽織物、コンパクトに折られたアルミブランケット、携帯トイレ、ウェットティッシュなどが広げられている様子,https://raw.githubusercontent.com/ikebukuroCitys000/bousai-power/main/sns_drafts/images/2026-08-02-bousai-backpack-checklist-2026-slide6.png,半年ごとに見直し・点検を忘れずに,賞味期限切れ、電池劣化、お子さんの衣類サイズ変更など、年2回の確認が実際の役立ち度を大きく左右します。季節ごとの温度対応も重要です。,カレンダーにチェックマークが入っている様子と、防災リュックをチェックしている手元のイラスト,https://raw.githubusercontent.com/ikebukuroCitys000/bousai-power/main/sns_drafts/images/2026-08-02-bousai-backpack-checklist-2026-slide7.png,災害時には公的支援が来るまで『自助』が最重要。防災リュックに入れるべき18アイテムを、2026年版で一新しました。単なるリストではなく、自分たちの家族構成や生活環境に合わせたカスタマイズが、いざという時の安心につながります。定期的な見直しも忘れずに。あなたの防災リュック、今年はもう点検しましたか？,#防災 #防災グッズ #防災対策 #防災備蓄 #防災リュック #持ち出し品 #備蓄 #防災用品 #地震対策 #災害対策 #自助 #緊急時対応 #防災ノウハウ #防災知識 #暮らしの知恵
2026-08-02-solar-panel-combo,ソーラーパネル併用で災害時も安心な充電環境をつくる,停電が数週間続く時代、ソーラーパネル併用が必須,東日本大震災や最近の台風では、電力復旧に数週間かかるケースが増加。ポータブル電源だけでなく、太陽光を継続的に活用できるソーラーパネルとの組み合わせで、長期停電でもスマートフォンや医療機器への充電を続けられます。,停電した家の窓から太陽の光が差し込み、ソーラーパネルが太陽光を受けている風景のイラスト,https://raw.githubusercontent.com/ikebukuroCitys000/bousai-power/main/sns_drafts/images/2026-08-02-solar-panel-combo-slide1.png,ソーラー×ポータブル電源の充電フロー,太陽光→直流電力生成→ポータブル電源に充電→各機器へ供給。ソーラーパネルの出力電圧がポータブル電源の入力仕様と合致していることが重要です。,矢印でフローを示す、太陽からソーラーパネルを経由してポータブル電源とスマートフォン・ランプに繋がる充電の流れを表現したシンプルなフラットイラスト,https://raw.githubusercontent.com/ikebukuroCitys000/bousai-power/main/sns_drafts/images/2026-08-02-solar-panel-combo-slide2.png,天候で発電量は大きく変わる,曇りの日は晴天時の30～50%、雨の日は10%程度まで発電量が低下します。気象条件に左右される点を理解しておくことが大切です。,晴れた日のソーラーパネル、曇りの日のソーラーパネル、雨の日のソーラーパネルを3並びで並べて、天候による見た目の違いと発電量の差を視覚的に表現したイラスト,https://raw.githubusercontent.com/ikebukuroCitys000/bousai-power/main/sns_drafts/images/2026-08-02-solar-panel-combo-slide3.png,4人家族なら1日30Wh必要,スマートフォン4台（20Wh）、LED懐中電灯（5Wh）、ラジオ（3Wh）が1日の合計。3日間の停電なら90Wh必要で、小～中規模のポータブル電源で対応可能です。,リビングでスマートフォンを充電する人、LED懐中電灯を持つ人、ラジオを聴く人など、複数の家族が異なるデバイスを使用している風景のイラスト,https://raw.githubusercontent.com/ikebukuroCitys000/bousai-power/main/sns_drafts/images/2026-08-02-solar-panel-combo-slide4.png,ソーラーパネルは100W～400W出力が目安,100W以下は発電が限定的、400W超は持ち運びが困難。1000Whのポータブル電源なら150W～200W出力で、好天時6～8時間で満充電に復帰できます。,異なるサイズのソーラーパネルが並べられ、小さい・中くらい・大きいサイズの3種類の発電パネルと、それぞれのコンパクトさと発電力を示す比較イラスト,https://raw.githubusercontent.com/ikebukuroCitys000/bousai-power/main/sns_drafts/images/2026-08-02-solar-panel-combo-slide5.png,角度調整で発電量を30%アップ,南向きで直射日光を受けることが重要。季節に応じて太陽の角度を変えるだけで、発電効率が10～30%向上する可能性があります。,季節による太陽の軌跡を背景に、季節ごとに異なる角度で設置されたソーラーパネル3つを並べたイラスト,https://raw.githubusercontent.com/ikebukuroCitys000/bousai-power/main/sns_drafts/images/2026-08-02-solar-panel-combo-slide6.png,備えは定期的な点検がカギ,年1～2回、実際に野外でソーラーパネルを設置してポータブル電源の充電を試験。チェックリストで日頃から機器の状態確認を。準備が真の安心につながります。,ノートの上にチェックマークが複数ついたチェックリストと、その横でソーラーパネルを確認・メンテナンスしている人の手元のフラットイラスト,https://raw.githubusercontent.com/ikebukuroCitys000/bousai-power/main/sns_drafts/images/2026-08-02-solar-panel-combo-slide7.png,停電が長引く時代だからこそ、ソーラーパネルとポータブル電源の組み合わせが活躍します。天候に左右される点を理解した上で、容量に余裕を持たせて準備しておけば、万が一の災害時も家族の「連絡」「照明」「情報」を守れます。あなたの地域の気象パターンに合わせた容量選定をしてみてください。,#防災 #防災グッズ #防災対策 #ポータブル電源 #ソーラーパネル #災害対策 #停電対策 #太陽光発電 #防災備蓄 #災害に備える #家族防災 #キャンプ #オフグリッド #エコライフ #備えあれば憂いなし
2026-08-06-deal-portable-toilet,簡易トイレが43%オフ！2280円から1280円へ大幅値下げ,"簡易トイレが43%オフ
通常2280円→1280円",災害時に必要な防災グッズの簡易トイレが大幅値下げ中。この価格なら家族分まとめ買いがお得です。,割引セールのタグやバナーと、簡易トイレの製品が並んでいる防災備蓄スペースのイラスト,,"災害時の必需品
簡易トイレが活躍",断水や避難所での衛生環境対策として、簡易トイレは防災備蓄の基本。トイレが使えない状況は想像以上に困ります。,災害で水が出ない洗面台と、心配そうな人のシルエット表現のフラットイラスト,,"凝固剤タイプの仕組み
臭いを素早く消臭",使用後の排せつ物を瞬時に固める凝固剤。嫌な臭いを抑えながら、衛生的に処理できるのが特徴です。,ビーズ状の凝固剤が白い粉の状態から固体に変わる化学反応を表現したカラフルなイラスト,,"組み立て簡単
保管もコンパクト",組み立てが5分以内で完了し、使わないときは折りたたんでコンパクトに保管可能。狭い玄関やクローゼットでもOK。,簡易トイレが折りたたまれた状態から組み立てられる様子を時間軸で表現したステップイラスト,,"家族分のストック
今がお買い得",通常2000円前後の商品がこの価格なら、家族人数分や職場・車用のストック補充に最適。複数購入がおすすめです。,複数の簡易トイレが家のリビング、車、オフィスデスクなど異なる保管場所に置かれているシーン図,,"防災備蓄は
「今」が正解",災害は予測不能。平時だからこそ、割引を活用してストックを整えることが大切です。後悔しない備えを。,晴れた天気の中、家族が笑顔で防災グッズを整理している日常シーンのイラスト,,"この機会を見逃さない
プロフへジャンプ",詳しい商品情報やセール期間の確認は、プロフィールのリンクから。今すぐチェックして、家族の安心を手に入れよう。,スマートフォンの画面に矢印が指しているアイコンと、リンククリックのジェスチャーを表現したシンプルなイラスト,,災害時に役立つ簡易トイレが約43%割引中！通常2280円が1280円になるこの機会、家族分の備蓄を整えるなら今。凝固剤で臭いを素早く消臭し、組み立ても簡単。狭いスペースにも保管できるから、どの家庭にも必須アイテムです。防災は「もしも」のときではなく、平時の行動が大切。この価格なら複数購入も検討しやすい。大切な家族の安心のために、今すぐチェック！,#防災 #防災グッズ #防災対策 #防災備蓄 #簡易トイレ #災害対策 #防災用品 #備蓄 #フェーズフリー #防災リュック #緊急時対策 #一人暮らし防災 #キャンプ #アウトドア #お得情報
2026-08-09-portable-toilet-guide,簡易トイレ・非常用トイレの選び方と備蓄量の目安,断水時、トイレ不足は1週間以上,災害時に最も深刻な問題の一つがトイレです。断水が1週間以上続くことも珍しくなく、事前の備蓄が生活の質を大きく左右します。,断水で困っている人が水道の蛇口を見つめている様子を描いたフラットイラスト,https://raw.githubusercontent.com/ikebukuroCitys000/bousai-power/main/sns_drafts/images/2026-08-09-portable-toilet-guide-slide1.png,簡易トイレvs非常用トイレ,携帯用の簡易トイレは避難所向き、据置型の非常用トイレは自宅用。使用場面に合わせて使い分けることが効果的です。,コンパクトな携帯トイレと段ボール製の据置型トイレが並んでいるイラスト,https://raw.githubusercontent.com/ikebukuroCitys000/bousai-power/main/sns_drafts/images/2026-08-09-portable-toilet-guide-slide2.png,4人家族なら1週間で200個,1人あたり1日6回の使用を想定すると、4人×6回×7日＝168個。予備を含めて200個程度が目安になります。,防災備蓄品としてトイレの箱が整然と積み重ねられている様子のイラスト,https://raw.githubusercontent.com/ikebukuroCitys000/bousai-power/main/sns_drafts/images/2026-08-09-portable-toilet-guide-slide3.png,選ぶなら消臭機能を最優先,トイレの最大課題は臭いです。活性炭や吸水性高分子素材の消臭機能、密閉性の高い袋を確認して選びましょう。,活性炭が入った消臭パックと吸収素材の層が見える断面図のイラスト,https://raw.githubusercontent.com/ikebukuroCitys000/bousai-power/main/sns_drafts/images/2026-08-09-portable-toilet-guide-slide4.png,保管は低湿度・定期確認,有効期限は5～7年が一般的。押し入れやベッド下など湿度の低い場所に保管し、年1回以上チェックしましょう。,押し入れにトイレ備蓄品が整理されている収納イラスト,https://raw.githubusercontent.com/ikebukuroCitys000/bousai-power/main/sns_drafts/images/2026-08-09-portable-toilet-guide-slide5.png,複数種類の組み合わせが正解,据置型50～100個、携帯用30～50個、袋タイプ20～30個など、複数タイプを組み合わせると様々な場面に対応できます。,3つの異なるトイレタイプ（据置型、携帯型、袋型）が一堂に並ぶイラスト,https://raw.githubusercontent.com/ikebukuroCitys000/bousai-power/main/sns_drafts/images/2026-08-09-portable-toilet-guide-slide6.png,今すぐトイレ対策を始めよう,家族構成に合わせた備蓄計画を立て、家族全員で使い方を確認しておくことが大切です。プロフィールのリンクで詳しくチェック👆,家族3世代がテーブルを囲んで防災計画を話し合っているシーン,https://raw.githubusercontent.com/ikebukuroCitys000/bousai-power/main/sns_drafts/images/2026-08-09-portable-toilet-guide-slide7.png,災害時のトイレ対策は見落としやすいけれど、生活の質を左右する重要な準備。家族構成に合わせた適切な数量と種類を選んで、安心できる環境づくりを今から始めませんか？,#防災 #防災グッズ #防災対策 #簡易トイレ #非常用トイレ #断水対策 #防災備蓄 #備蓄 #防災リュック #フェーズフリー #災害対策 #防災知識 #家族防災 #一人暮らし防災 #今から備える
2026-08-09-rolling-stock-guide,非常用飲料水・食料の備蓄「ローリングストック」入門,賞味期限切れの悩みを解決,毎日食べるものを多めに買い置きして、消費した分を継ぎ足す「ローリングストック」。これなら無駄なく、いざという時にも食べ慣れた食事ができます。,スーパーで食料品を買い物かごに入れている手元のシーン、温かみのあるイラスト風,https://raw.githubusercontent.com/ikebukuroCitys000/bousai-power/main/sns_drafts/images/2026-08-09-rolling-stock-guide-slide1.png,水の必要量の目安,1人1日3リットル必要。4人家族なら1日12リットル、3日分で36リットルを目安に。飲用だけでなく調理や衛生管理用も含まれます。,複数のサイズが異なるペットボトル（2リットル、1リットル、小型パック）が並んでいるイラスト,https://raw.githubusercontent.com/ikebukuroCitys000/bousai-power/main/sns_drafts/images/2026-08-09-rolling-stock-guide-slide2.png,水を上手に保管するコツ,複数の形態・複数の場所に分散して保管。定期的に古い水から使い、冷暗所で直射日光を避けることで劣化を防ぎます。,玄関、寝室、物置など家の異なる場所にペットボトルが配置されている家の断面図のイラスト,https://raw.githubusercontent.com/ikebukuroCitys000/bousai-power/main/sns_drafts/images/2026-08-09-rolling-stock-guide-slide3.png,ローリングに適した食料選び,日常的に食べるもの、調理が簡単、栄養バランスが良い、賞味期限が6ヶ月以上。缶詰、レトルト、乾麺、栄養食品がおすすめです。,缶詰、レトルトカレー、乾麺、栄養バー、ドライフルーツなど様々な備蓄食料が並んでいるフラットなイラスト,https://raw.githubusercontent.com/ikebukuroCitys000/bousai-power/main/sns_drafts/images/2026-08-09-rolling-stock-guide-slide4.png,特に優秀な備蓄食材3選,缶詰（栄養価が高い）、レトルト食品（温めるだけ）、乾麺（少量の水で調理可）。これらなら無駄がなく、食事も完成させやすいです。,サバ缶、ツナ缶、レトルトカレーの箱、乾麺の束が積み重ねられているイラスト,https://raw.githubusercontent.com/ikebukuroCitys000/bousai-power/main/sns_drafts/images/2026-08-09-rolling-stock-guide-slide5.png,管理のコツは「先入れ先出し」,チェックリストで備蓄量を把握し、古い商品を前に配置。月1回確認して減った分を継ぎ足す。家族で目にしやすい場所に置くのも効果的です。,食品棚の前に立つ人が手書きのチェックリストを確認しているシーン、温かみのあるイラスト,https://raw.githubusercontent.com/ikebukuroCitys000/bousai-power/main/sns_drafts/images/2026-08-09-rolling-stock-guide-slide6.png,今日から始めよう,ローリングストックは特別なものではなく、日々の買い物の延長。小さく始めて、無理なく続けることが、いざという時に最も役に立ちます。,スーパーの棚の前で商品を選んでいる人の後ろ姿と、その買い物かごの中に食料品が見える親近感のあるイラスト,https://raw.githubusercontent.com/ikebukuroCitys000/bousai-power/main/sns_drafts/images/2026-08-09-rolling-stock-guide-slide7.png,非常食が無駄になる…そんな悩みは「ローリングストック」で解決！毎日食べるものを多めにストックするだけで、賞味期限の心配がなく、いざという時には慣れた食事ができます。水は1人3リットル/日、食料は缶詰やレトルトを中心に。チェックリストで管理して、先入れ先出しの習慣をつけるだけ。小さく始めて、無理なく続けることが防災の秘訣です。あなたは何から始めますか？,#ローリングストック #防災備蓄 #防災対策 #防災グッズ #備蓄食料 #非常食 #飲料水 #防災 #フェーズフリー #災害対策 #自宅防災 #缶詰 #レトルト食品 #防災リュック #暮らしの知恵
2026-08-16-nankai-trough-review,南海トラフ地震臨時情報後に見直したい防災グッズ,南海トラフ情報で見直す防災グッズ,防災対策は「いつか」ではなく「今」が重要。臨時情報をきっかけに家族の安全性を高める第一歩を踏み出しましょう。,家族が一緒に防災グッズを確認している様子を示すフラットイラスト。温かみのある色合いで、協力的な雰囲気を表現。,https://raw.githubusercontent.com/ikebukuroCitys000/bousai-power/main/sns_drafts/images/2026-08-16-nankai-trough-review-slide1.png,水と食料の備蓄量を確認,飲料水は1人1日3リットルが目安。4人家族で1週間分なら84リットル。実際に置き場所を確保して現実性を確認することが大切です。,複数のペットボトルと食料品が整理された保管スペースを示すイラスト。量感を表現した構図。,https://raw.githubusercontent.com/ikebukuroCitys000/bousai-power/main/sns_drafts/images/2026-08-16-nankai-trough-review-slide2.png,消費期限は3ヶ月ごとチェック,ローリングストック方式で定期的に食べて補充。古い備蓄から順に家族で消費し、常に新しい状態を保つ仕組みが有効です。,カレンダーに防災チェック日がマークされ、食料品を入れ替えている人の手元を示すイラスト。,https://raw.githubusercontent.com/ikebukuroCitys000/bousai-power/main/sns_drafts/images/2026-08-16-nankai-trough-review-slide3.png,処方薬リストを作成する,継続服用が必要な薬は最低1ヶ月分の予備を用意。薬の説明書や処方箋をコピーして保管すれば、避難所での医療支援がスムーズになります。,医療品と処方薬、そしてメモ用紙が整理されている薬棚を示すフラットイラスト。,https://raw.githubusercontent.com/ikebukuroCitys000/bousai-power/main/sns_drafts/images/2026-08-16-nankai-trough-review-slide4.png,電源確保を多層化する,停電は長期化する可能性あり。ラジオ、モバイルバッテリー、懐中電灯など複数の電源方式に対応した機器を複数個備蓄することが安心につながります。,ポータブル電源、モバイルバッテリー、懐中電灯など複数の充電デバイスが配置されている様子を示すイラスト。,https://raw.githubusercontent.com/ikebukuroCitys000/bousai-power/main/sns_drafts/images/2026-08-16-nankai-trough-review-slide5.png,生活用品も優先度を高める,トイレットペーパー、生理用品、衛生用品など日用品の不足は長期避難でストレスや健康問題につながります。1ヶ月分程度の備蓄が目安です。,トイレットペーパー、マスク、生理用品などの日用品が整理されたボックスを示すイラスト。温かい色合いで衛生的なイメージ。,https://raw.githubusercontent.com/ikebukuroCitys000/bousai-power/main/sns_drafts/images/2026-08-16-nankai-trough-review-slide6.png,今すぐ防災グッズを見直そう,この投稿を保存して、家族で定期的（年2回）にチェック。プロフィールのリンクで詳細な備蓄リストも確認できます。,スマートフォンでこの投稿を保存するジェスチャーをしている手元と、チェックリストのイラストを組み合わせた構図。,https://raw.githubusercontent.com/ikebukuroCitys000/bousai-power/main/sns_drafts/images/2026-08-16-nankai-trough-review-slide7.png,南海トラフ地震臨時情報をきっかけに、防災グッズの見直しが広がっています。水、食料、医療品、電源、生活用品—優先順位をつけて、家族で今できることから始めませんか？定期的なチェックが、万が一の時の安心につながります。,#防災 #防災グッズ #防災対策 #防災備蓄 #備蓄 #ポータブル電源 #防災リュック #南海トラフ #地震対策 #家族防災 #避難準備 #フェーズフリー #ローリングストック #災害対策 #暮らしの知恵
2026-08-16-rental-vs-purchase,ポータブル電源はレンタルと購入どちらがお得？,年4回以上の利用なら,レンタルより購入が5年で11万円以上お得。短期と長期で最適な選択は逆転します。,天秤の左側に小さなお金の束、右側に大きなお金の束が乗っている比較のイラスト,https://raw.githubusercontent.com/ikebukuroCitys000/bousai-power/main/sns_drafts/images/2026-08-16-rental-vs-purchase-slide1.png,短期利用はレンタル一択,"1週間のレンタルは約10,500円。購入なら50,000円以上。初期投資を最小化できます。",キャンプテントの前でポータブル電源をレンタルして使用している家族のイラスト,https://raw.githubusercontent.com/ikebukuroCitys000/bousai-power/main/sns_drafts/images/2026-08-16-rental-vs-purchase-slide2.png,レンタルのメリット,初期投資が10～30%で済み、保管スペース不要。最新機種を試してから購入判断できます。,スマートフォンの画面からポータブル電源のレンタル予約画面が浮かび出ているイラスト,https://raw.githubusercontent.com/ikebukuroCitys000/bousai-power/main/sns_drafts/images/2026-08-16-rental-vs-purchase-slide3.png,レンタルの落とし穴,月単位で借りると購入額に近づき、急な延長や故障時対応が難しくなります。,カレンダーをめくるたびに積み上がるお金のコインが増えていくアニメーション的なイラスト,https://raw.githubusercontent.com/ikebukuroCitys000/bousai-power/main/sns_drafts/images/2026-08-16-rental-vs-purchase-slide4.png,防災備蓄なら購入推奨,"1,000～1,500Whで50,000～100,000円。いざという時の心理的安心感は価値あります。",災害時に懐中電灯と並べて置かれたポータブル電源から光が出ているイラスト,https://raw.githubusercontent.com/ikebukuroCitys000/bousai-power/main/sns_drafts/images/2026-08-16-rental-vs-purchase-slide5.png,購入のメリット,繰り返し利用で元が取れ、24時間充電維持できます。急な停電時もすぐに対応可能。,家の壁に掛けられたコンセント横で常備されているポータブル電源のイラスト,https://raw.githubusercontent.com/ikebukuroCitys000/bousai-power/main/sns_drafts/images/2026-08-16-rental-vs-purchase-slide6.png,あなたはどちら派？,年3回未満ならレンタル。防災重視や頻繁利用なら購入。プロフ内のチェックリストで判断しよう。,スマートフォンを持つ人が考えるポーズをしており、その周りに「レンタル」と「購入」の選択肢が浮かんでいるイラスト,https://raw.githubusercontent.com/ikebukuroCitys000/bousai-power/main/sns_drafts/images/2026-08-16-rental-vs-purchase-slide7.png,ポータブル電源、買うか借りるかで迷ってませんか？実は利用頻度によって最適な選択は全く異なります。この投稿では、コスト比較と生活シーン別の判断基準を整理。あなたにぴったりな選択が見つかります。防災備蓄を考えている方こそ、チェックしてみてください。,#ポータブル電源 #防災グッズ #防災対策 #防災備蓄 #レンタル #購入 #コスト比較 #防災 #キャンプ #車中泊 #防災リュック #備蓄 #フェーズフリー #防災用品 #一人暮らし防災
2026-08-23-high-rise-condo-bousai,マンション高層階の防災対策とポータブル電源の活用,高層階の停電時、エレベーターが使えない,停電時はエレベーターが自動停止します。10階以上の階段避難は体力消耗が激しく、高齢者にとって命に関わる可能性があります。,高層マンションの外観と、階段を下りる人のシルエットを組み合わせた構図,https://raw.githubusercontent.com/ikebukuroCitys000/bousai-power/main/sns_drafts/images/2026-08-23-high-rise-condo-bousai-slide1.png,断水リスクは高層階ほど深刻,ポンプが停止すると、高層階から順に断水します。家族3人・3日間なら、27リットル（ペットボトル30本分）の備蓄が目安です。,積み重ねられたペットボトルと、蛇口から水が出ない状況を示すイラスト,https://raw.githubusercontent.com/ikebukuroCitys000/bousai-power/main/sns_drafts/images/2026-08-23-high-rise-condo-bousai-slide2.png,水の備蓄は飲料と生活用に分ける,飲料水は1人1日3リットル、生活用水（トイレ・洗濯など）は1人1日7～10リットルが目安。浴槽やタンクに貯める工夫が有効です。,浴槽に貯められた水と、複数のペットボトルが並ぶ様子,https://raw.githubusercontent.com/ikebukuroCitys000/bousai-power/main/sns_drafts/images/2026-08-23-high-rise-condo-bousai-slide3.png,ポータブル電源で給水を補完する,500Wh～1000Whあれば、給水ポンプ・浄水器・電気ポット・照明が使用でき、数日間の対応が可能になります。,ポータブル電源から複数のケーブルが接続され、ポンプや懐中電灯が稼働している様子,https://raw.githubusercontent.com/ikebukuroCitys000/bousai-power/main/sns_drafts/images/2026-08-23-high-rise-condo-bousai-slide4.png,続きはブログで,詳しくはプロフィールのリンクからブログ記事をご覧ください。,プロフィールリンクを指差すシンプルなイラスト,https://raw.githubusercontent.com/ikebukuroCitys000/bousai-power/main/sns_drafts/images/2026-08-23-high-rise-condo-bousai-slide5.png,続きはブログで,詳しくはプロフィールのリンクからブログ記事をご覧ください。,プロフィールリンクを指差すシンプルなイラスト,https://raw.githubusercontent.com/ikebukuroCitys000/bousai-power/main/sns_drafts/images/2026-08-23-high-rise-condo-bousai-slide6.png,続きはブログで,詳しくはプロフィールのリンクからブログ記事をご覧ください。,プロフィールリンクを指差すシンプルなイラスト,https://raw.githubusercontent.com/ikebukuroCitys000/bousai-power/main/sns_drafts/images/2026-08-23-high-rise-condo-bousai-slide7.png,高層階の防災は『停電』『断水』『トイレ』が三大課題。でもポータブル電源と事前準備があれば、想像以上に対応できます。大切なのは『継続的な点検』と『家族で共有する仕組み』。万が一の時に慌てないよう、今から一緒に備えませんか？,#防災 #防災グッズ #防災対策 #ポータブル電源 #高層階 #停電対策 #断水対策 #防災備蓄 #Jackery #EcoFlow #災害対策 #マンション防災 #一人暮らし防災 #備蓄 #暮らしの知恵
2026-08-23-vertical-evacuation-prep,在宅避難（垂直避難）に必要な備えとは,在宅避難に必要な備えは3つ,避難所ではなく自宅で安全に過ごす「在宅避難」。地震・豪雨・風害から身を守るには、水・食料・電源の確保が不可欠です。,自宅の上階に安全に避難している家族のイラスト、窓から見える天候は悪天候,https://raw.githubusercontent.com/ikebukuroCitys000/bousai-power/main/sns_drafts/images/2026-08-23-vertical-evacuation-prep-slide1.png,自宅の安全性が最優先,地震時は耐震性、洪水時は浸水区域外か高い階の確保、風害対策など。ハザードマップで自宅のリスク確認が第一歩。,ハザードマップを見ている人のイラスト、家の周りに異なる色で区域を示すマップ,https://raw.githubusercontent.com/ikebukuroCitys000/bousai-power/main/sns_drafts/images/2026-08-23-vertical-evacuation-prep-slide2.png,飲料水は1人1日3リットル,最低3日分で9リットル/人、できれば1週間分21リットル/人。家族4人なら84リットル必要。2リットルペットボトルのローリングストックがおすすめ。,複数の2リットルペットボトルが積み重なっているフラットイラスト、家庭のスペースに保管されている様子,https://raw.githubusercontent.com/ikebukuroCitys000/bousai-power/main/sns_drafts/images/2026-08-23-vertical-evacuation-prep-slide3.png,食料は調理不要なものを,カンパン・アルファ米・缶詰など、日持ちして調理不要な食品を最低3日分～1週間以上備蓄。家族構成に合わせた準備が重要。,アルファ米、缶詰、クラッカー、チョコレートなど備蓄食料が並んでいるイラスト,https://raw.githubusercontent.com/ikebukuroCitys000/bousai-power/main/sns_drafts/images/2026-08-23-vertical-evacuation-prep-slide4.png,停電対策が生活の質を左右,情報取得・医療機器・冷暖房・調理・照明など、電源なしでは困る場面は多い。スマホ充電は情報収集の生命線。,停電した室内で懐中電灯とスマートフォンを持つ人のシルエット、周囲は暗い,https://raw.githubusercontent.com/ikebukuroCitys000/bousai-power/main/sns_drafts/images/2026-08-23-vertical-evacuation-prep-slide5.png,ポータブル電源＋複数充電手段,スマホのみなら300～500Wh、複数デバイスなら500～1000Wh、高消費電力機器用は1500Wh以上。太陽光パネル・車・手回し充電など複数の手段で対応。,ポータブル電源を中心に、太陽光パネル、手回し充電、シガーソケットアダプターが周囲に配置されたイラスト,https://raw.githubusercontent.com/ikebukuroCitys000/bousai-power/main/sns_drafts/images/2026-08-23-vertical-evacuation-prep-slide6.png,備えは準備して終わりじゃない,年2回、季節の変わり目に賞味期限・機器の動作確認。実際に停電を想定して練習すれば、いざという時もスムーズ。完璧を目指さず、段階的に増やすことが継続のコツです。,カレンダーに丸印をつけながら、ポータブル電源と備蓄品をチェックしている人のイラスト,https://raw.githubusercontent.com/ikebukuroCitys000/bousai-power/main/sns_drafts/images/2026-08-23-vertical-evacuation-prep-slide7.png,在宅避難は避難所へのストレスや移動の負担が少ないメリットがある反面、すべてを自力で準備する必要があります。自宅の安全性確認から始めて、水・食料・電源を段階的に備える。完璧を目指さず、今から無理なく始めることが実効性のある防災対策に繋がります。🏠,#防災 #防災グッズ #防災対策 #在宅避難 #垂直避難 #ポータブル電源 #防災備蓄 #ローリングストック #備蓄 #フェーズフリー #防災リュック #一人暮らし防災 #家族防災 #災害対策 #停電対策
2026-08-30-power-station-lifespan-storage,ポータブル電源の寿命・劣化と正しい保管方法,ポータブル電源の寿命は5～10年,"1,000回の充放電で初期容量の80%まで低下。保管環境で大きく変わります。",時間経過を示すカレンダーやタイムラインと、徐々に減少するバッテリー残量のグラフを視覚化したイラスト,https://raw.githubusercontent.com/ikebukuroCitys000/bousai-power/main/sns_drafts/images/2026-08-30-power-station-lifespan-storage-slide1.png,最大の敵は高温環境,25℃を超えると劣化速度が加速。夏の車内保管は数日で容量低下のリスク。,車内に置かれたポータブル電源が太陽の熱を受けて赤くなっているイラスト、炎や温度を表現,https://raw.githubusercontent.com/ikebukuroCitys000/bousai-power/main/sns_drafts/images/2026-08-30-power-station-lifespan-storage-slide2.png,理想の保管温度は15～25℃,リビングの冷暗所がベスト。車内・屋外・直射日光は厳禁。湿度は30～60%を維持。,家の中の異なる場所（リビングの棚、押し入れ、車内）を並べて、チェックマーク・注意マーク・バツマークで評価する図,https://raw.githubusercontent.com/ikebukuroCitys000/bousai-power/main/sns_drafts/images/2026-08-30-power-station-lifespan-storage-slide3.png,月1回の充電が必須,3ヶ月以上放置すると復帰不可能な状態に。容量の30～80%まで充電する。,カレンダーの1日にプラグのマークが付いており、定期的な充電の習慣を示すイラスト,https://raw.githubusercontent.com/ikebukuroCitys000/bousai-power/main/sns_drafts/images/2026-08-30-power-station-lifespan-storage-slide4.png,完全放電と満充電は避ける,0%まで使い切ったり、100%で長時間保管するとバッテリーが劣化。中程度の充電がコツ。,バッテリー容量を示す4つのゲージが横並びになっており、0%と100%にはバツマーク、30～80%にはチェックマークが付いているイラスト,https://raw.githubusercontent.com/ikebukuroCitys000/bousai-power/main/sns_drafts/images/2026-08-30-power-station-lifespan-storage-slide5.png,季節ごとのメンテナンス,春に状態確認、夏は冷房管理、冬は0℃以下を避ける。四半期ごとに異常チェック。,春夏秋冬の4つの季節を示す背景（桜・向日葵・紅葉・雪）とともに、各季節でポータブル電源がメンテナンスされているシーン,https://raw.githubusercontent.com/ikebukuroCitys000/bousai-power/main/sns_drafts/images/2026-08-30-power-station-lifespan-storage-slide6.png,劣化のサインを見逃さない,充電時間が長い・使用時間が短い・本体が熱い・異臭がする場合は注意。販売店に相談を。,注意標識のマークと、充電ケーブル・時計・温度計・鼻のアイコンが並んでいるイラスト,https://raw.githubusercontent.com/ikebukuroCitys000/bousai-power/main/sns_drafts/images/2026-08-30-power-station-lifespan-storage-slide7.png,ポータブル電源は買ったら終わりではなく、正しく保管してこそ活躍します。防災備蓄として購入しても、月1回の充電と環境管理がないと、いざというときに使えない…なんてことも。この夏、あなたの電源の保管環境は大丈夫ですか？,#ポータブル電源 #防災 #防災対策 #防災備蓄 #バッテリー管理 #Jackery #EcoFlow #Anker #防災グッズ #防災リュック #備蓄 #フェーズフリー #車中泊 #防災知識 #暮らしの知恵
2026-08-30-typhoon-season-checkup,台風・停電シーズン前にやっておきたい防災点検,台風前に確認すべき防災点検は全8項目,停電シーズン前に実施しておきたい防災点検をチェックリスト化。飲料水から通信機器まで、具体的な準備項目を網羅します。,チェックリストを確認しながら防災グッズを整理している家族のイラスト,https://raw.githubusercontent.com/ikebukuroCitys000/bousai-power/main/sns_drafts/images/2026-08-30-typhoon-season-checkup-slide1.png,1日2～3リットル×3日分の飲料水,最も基本となる飲料水の備蓄。1人あたり1日2〜3リットルが目安で、最低でも3日分の確保が推奨されています。賞味期限も定期確認を。,複数のペットボトルが積み重ねられているシンプルなイラスト,https://raw.githubusercontent.com/ikebukuroCitys000/bousai-power/main/sns_drafts/images/2026-08-30-typhoon-season-checkup-slide2.png,ポータブル電源の動作確認が必須,スマートフォン充電や照明など、停電時に活躍するポータブル電源。長期未使用の場合は起動確認と満充電テストを実施しましょう。,ポータブル電源の本体と複数のUSBケーブルが接続されているイラスト,https://raw.githubusercontent.com/ikebukuroCitys000/bousai-power/main/sns_drafts/images/2026-08-30-typhoon-season-checkup-slide3.png,懐中電灯は居室数＋1個が目安,停電時の照明確保は安全性と心理的な安心感が重要。同じ種類の電池で統一し、ヘッドライトタイプがあると両手が自由になります。,異なるサイズの懐中電灯とランタンが並んでいるイラスト,https://raw.githubusercontent.com/ikebukuroCitys000/bousai-power/main/sns_drafts/images/2026-08-30-typhoon-season-checkup-slide4.png,常用薬は1週間分以上を確保,慢性疾患のある家族がいる場合、医療用品と常用薬の備蓄は特に重要。インスリンなど温度管理が必要な薬は保冷対策も検討を。,医療用品や薬瓶が整理されている医療キットのイラスト,https://raw.githubusercontent.com/ikebukuroCitys000/bousai-power/main/sns_drafts/images/2026-08-30-typhoon-season-checkup-slide5.png,ラジオ・充電器で通信手段を複数確保,正確な情報取得は適切な判断につながります。乾電池式やソーラー式ラジオ、複数の充電方法で、停電時の情報入手環境を整備しましょう。,ラジオ、スマートフォン、ソーラーパネル付き充電器が並んでいるイラスト,https://raw.githubusercontent.com/ikebukuroCitys000/bousai-power/main/sns_drafts/images/2026-08-30-typhoon-season-checkup-slide6.png,今すぐ家族で防災チェックを始めよう,完璧を目指さず、生活に合った現実的な備えが継続の秘訣。プロフィールのリンクから詳細なチェックリストをダウンロードして、段階的に準備を進めましょう。,リビングで一緒に防災グッズを確認している家族のシルエットイラスト,https://raw.githubusercontent.com/ikebukuroCitys000/bousai-power/main/sns_drafts/images/2026-08-30-typhoon-season-checkup-slide7.png,台風シーズン前に欠かせない防災点検を、全8項目のチェックリストでご紹介。飲料水、ポータブル電源、懐中電灯、医療用品、通信機器…完璧を目指さず、自分たちの生活に合った備えから始めることが、継続的な防災対策の鍵になります。この秋、ご家庭の防災体制を見直してみませんか？,#防災 #防災グッズ #防災点検 #防災対策 #台風対策 #停電対策 #ポータブル電源 #備蓄食料 #防災備蓄 #懐中電灯 #防災ラジオ #災害対策 #防災家族 #暮らしの知恵 #一人暮らし防災
